{
  "Total" : {
    "transaction" : "Total",
    "sampleCount" : 3000,
    "errorCount" : 0,
    "errorPct" : 0.0,
    "meanResTime" : 2.3159999999999976,
    "medianResTime" : 2.0,
    "minResTime" : 1.0,
    "maxResTime" : 62.0,
    "pct1ResTime" : 2.0,
    "pct2ResTime" : 3.0,
    "pct3ResTime" : 24.98999999999978,
    "throughput" : 50.40153220657908,
    "receivedKBytesPerSec" : 12.108180588689896,
    "sentKBytesPerSec" : 20.081860488558853
  },
  "POST 报名" : {
    "transaction" : "POST 报名",
    "sampleCount" : 3000,
    "errorCount" : 0,
    "errorPct" : 0.0,
    "meanResTime" : 2.3159999999999976,
    "medianResTime" : 2.0,
    "minResTime" : 1.0,
    "maxResTime" : 62.0,
    "pct1ResTime" : 2.0,
    "pct2ResTime" : 3.0,
    "pct3ResTime" : 24.98999999999978,
    "throughput" : 50.40153220657908,
    "receivedKBytesPerSec" : 12.108180588689896,
    "sentKBytesPerSec" : 20.081860488558853
  }
}