{
  "Total" : {
    "transaction" : "Total",
    "sampleCount" : 1000,
    "errorCount" : 0,
    "errorPct" : 0.0,
    "meanResTime" : 2.734999999999997,
    "medianResTime" : 2.0,
    "minResTime" : 1.0,
    "maxResTime" : 27.0,
    "pct1ResTime" : 3.0,
    "pct2ResTime" : 4.0,
    "pct3ResTime" : 24.0,
    "throughput" : 33.77123366316572,
    "receivedKBytesPerSec" : 8.113011212049576,
    "sentKBytesPerSec" : 13.455725912667589
  },
  "POST 报名" : {
    "transaction" : "POST 报名",
    "sampleCount" : 1000,
    "errorCount" : 0,
    "errorPct" : 0.0,
    "meanResTime" : 2.734999999999997,
    "medianResTime" : 2.0,
    "minResTime" : 1.0,
    "maxResTime" : 27.0,
    "pct1ResTime" : 3.0,
    "pct2ResTime" : 4.0,
    "pct3ResTime" : 24.0,
    "throughput" : 33.77123366316572,
    "receivedKBytesPerSec" : 8.113011212049576,
    "sentKBytesPerSec" : 13.455725912667589
  }
}