{
  "Total" : {
    "transaction" : "Total",
    "sampleCount" : 5000,
    "errorCount" : 0,
    "errorPct" : 0.0,
    "meanResTime" : 1.8198000000000039,
    "medianResTime" : 2.0,
    "minResTime" : 1.0,
    "maxResTime" : 45.0,
    "pct1ResTime" : 2.0,
    "pct2ResTime" : 2.0,
    "pct3ResTime" : 4.0,
    "throughput" : 55.82039230571712,
    "receivedKBytesPerSec" : 13.409977057818763,
    "sentKBytesPerSec" : 22.240937559309167
  },
  "POST 报名" : {
    "transaction" : "POST 报名",
    "sampleCount" : 5000,
    "errorCount" : 0,
    "errorPct" : 0.0,
    "meanResTime" : 1.8198000000000039,
    "medianResTime" : 2.0,
    "minResTime" : 1.0,
    "maxResTime" : 45.0,
    "pct1ResTime" : 2.0,
    "pct2ResTime" : 2.0,
    "pct3ResTime" : 4.0,
    "throughput" : 55.82039230571712,
    "receivedKBytesPerSec" : 13.409977057818763,
    "sentKBytesPerSec" : 22.240937559309167
  }
}